32105,"Assis Brasil, AC",-10.9409203,-69.5672108
32392,"Brasileia, AC",-11.0010413,-68.7487894
32076,"Cruzeiro do Sul, AC",-7.6362478,-72.6691649
32383,"Cruzeiro do Sul, AC",-7.6362478,-72.6691649
32106,"Fazenda Santo Afonso, AC",-30.9487835,-53.6544701
32083,"Feijo, AC",-8.1648652,-70.3539579
32073,"Foz do Breu, AC",-9.410421,-72.715408
32082,"Iratapuru, AC",-0.4988508,-52.5713751
32101,"Manoel Urbano, AC",-8.838755,-69.2619465
32150,"Placido de Castro (7), AC",-10.001534,-67.8405833
32120,"Porto Valter, AC",-8.2687722,-72.7444458
31909,"Rio Branco, AC",-9.9765362,-67.8220778
32107,"Rio Branco (6), AC",-9.9439907,-67.8179262
32077,"Seringal Bom Futuro, AC",-8.7169963,-71.0283084
32102,"Seringal Sao Jose, AC",-11.008084,-68.5578089
32075,"Serra do Moa, AC",-7.498558,-73.729969
32074,"Taumaturgo, AC",-22.9283908,-43.2374232
32155,"Xapuri, AC",-10.6511174,-68.5017902
32629,"Atalaia, AL",-9.5029595,-36.0219316
32628,"Camacari, AL",-10.12096,-36.267185
31886,"Camaragibe, AL",-8.0213832,-34.9810768
31887,"Coruripe, AL",-10.1249963,-36.1760623
31888,"Jequia, AL",-10.0092595,-36.0232787
31889,"Jitituba, AL",-9.3246421,-35.6826683
31890,"Manguaba, AL",-9.674404,-35.8995302
31933,"Mata Grande, AL",-9.118243,-37.732298
31891,"Meirim, AL",-9.4933926,-35.693959
31898,"Mundau, AL",-9.1700044,-36.2206126
31895,"Paraiba, AL",-7.1219366,-36.7246845
31892,"Perucaba, AL",-10.14646,-36.5352303
31893,"Piaui, AL",-7.6992782,-42.5043787
31894,"Pratagy, AL",-23.7673515,-45.7379119
31934,"Santana Ipanema, AL",-9.369989,-37.248018
31896,"Santo Antonio, AL",-9.6626922,-37.3077702
31897,"Sao Miguel, AL",-6.2121764,-38.4977377
32465,"Xingo, AL",-9.6121746,-37.765739
31706,"Amazonia, AM",-3.0831132,-60.0280052
32114,"Bacaba, AM",-4.595592,-67.38836
32070,"Barreira Alta, AM",-21.7121634,-48.1028665
32071,"Barreira Branca, AM",-3.9038428,-65.1574929
32139,"Barreirinha, AM",-2.798863,-57.067897
32173,"Cachoeira Morena, AM",-23.5736274,-46.4017441
32177,"Castanho, AM",-3.8185277,-60.3616505
31907,"Colosso, AM",-12.4173818,-41.0921288
32115,"Conceicao, AM",-2.9313015,-58.5346445
32113,"Cristo, AM",-7.456237,-64.257971
32398,"Cucui, AM",1.2287451,-67.2818073
32175,"Curicuriari, AM",-0.2643993,-67.0847971
32084,"Envira, AM",-7.437889,-70.028143
32168,"Fazenda Boa Lembranca, AM",-9.944419,-37.7999211
32170,"Fazenda Vista Alegre, AM",-21.7875965,-43.5244847
32369,"Fazenda Vista Alegre, AM",-21.7875965,-43.5244847
32072,"Fonte Boa, AM",-2.5147464,-66.0948424
32087,"Gaviao, AM",0.6501371,-69.1811696
32608,"Humaita, AM",-7.5099404,-63.0248674
32374,"Ipiranga Novo, AM",-3.0605258,-59.9618789
32068,"Ipiranga Novo, AM",-3.0605258,-59.9618789
32078,"Ipixuna, AM",-7.0502834,-71.691232
32172,"Itacoatiara, AM",-3.1477898,-58.4461041
32098,"Itapeua, AM",-4.0612613,-63.0260105
32090,"Itupiranga, AM",-5.1337224,-49.3321988
32127,"Jalauaca, AM",-0.2769833,-62.7483833
32112,"Labrea, AM",-7.2613683,-64.7924505
32095,"Louro Poco, AM",-2.4380881,-47.1436772
32117,"Manacapuru, AM",-3.2996768,-60.6213528
32143,"Manaus, AM",-3.1316333,-59.9825041
32165,"Manicore, AM",-5.804618,-61.289483
32140,"Moura, AM",-3.6034381,-64.4596554
32613,"Moura, AM",-3.6034381,-64.4596554
32063,"Palmeiras do Javari, AM",-5.1353884,-72.8120971
32123,"Pari Cachoeira, AM",0.25283,-69.786905
32176,"Parintins, AM",-2.6344567,-56.7319324
32094,"Passagem BR-309, AM",-3.0847755,-60.0442928
32014,"Pitinga, AM",-0.77751,-60.072078
32118,"Porto Seguro, AM",-5.744667,-63.613654
32061,"Posto Ajuricaba, AM",-0.9710906,-62.9225737
32376,"Prainha Velha, AM",-7.2268601,-60.6550173
32066,"Santa Izabel, AM",-3.380823,-60.688907
32064,"Santa Maria, AM",-3.8910902,-59.0906686
32730,"Santo Antonio Ica, AM",-3.095443,-67.946279
32086,"Santos Dumont, AM",-3.0550607,-60.0251999
32597,"Sao Gabriel da Cachoeira, AM",-0.1249715,-67.0813855
32390,"Sao Gabriel da Cachoeira, AM",-0.1249715,-67.0813855
32368,"Sao Paulo Olivenca, AM",-3.4650627,-68.9468462
32126,"Seringal Sao Francisco, AM",-7.370064,-64.095959
32171,"Sucunduri, AM",-6.7969689,-59.0478143
32589,"Tabatinga, AM",-4.2327349,-69.9263372
32062,"Tabatinga, AM",-4.2327349,-69.9263372
32121,"Tanibuca, AM",-2.9798792,-65.1636677
32386,"Tapuruquara, AM",-0.3781053,-64.9926188
32232,"Pancada, AP",0.18674,-51.6997775
32311,"Porto Platon, AP",0.7069188,-51.4386702
32247,"Retiro Santa Isabel, AP",-22.9168705,-43.25939
31002,"Santana, AP",-0.0307068,-51.1789666
32231,"Sao Francisco, AP",-0.5841893,-52.431239
32578,"Serra do Navio, AP",0.8991593,-52.0027191
32313,"Serra do Navio, AP",0.8991593,-52.0027191
32245,"Tartarugal Grande, AP",1.3968038,-50.9231224
32494,"Anage, BA",-14.6134669,-41.1376308
32681,"Argoim, BA",-12.4850589,-39.6865914
31961,"Arrojolandia, BA",-13.7304974,-45.3957512
31960,"Barreiras, BA",-12.1440031,-44.9967406
32672,"Boqueirao, BA",-11.8684505,-38.9552358
32495,"Brumado, BA",-14.2025099,-41.6701307
31020,"Buritizinho, BA",-11.214476,-43.97703
32547,"Caetite, BA",-14.0691776,-42.4852428
31963,"Coaceral, BA",-10.5556688,-45.6042976
32496,"Eunapolis, BA",-16.3766148,-39.586449
32640,"Formosa Rio Preto, BA",-11.0414544,-45.1903983
32487,"Ibiapora-Mundo Novo, BA",-12.0456035,-40.799997
32499,"Ilheus, BA",-14.792599,-39.0453843
32486,"Ipira, BA",-12.1578337,-39.7416605
32546,"Irece, BA",-11.3034965,-41.8557929
32682,"Itaete, BA",-12.9794728,-40.9661685
32677,"Itambe, BA",-15.2435245,-40.6269506
32548,"Jaguaquara, BA",-13.5294974,-39.9693081
32492,"Jequie, BA",-13.8604033,-40.0719627
32639,"Juazeiro, BA",-9.4336959,-40.5068201
32490,"Marcionilio Souza, BA",-13.0024332,-40.5317476
32491,"Milagres, BA",-12.864635,-39.861092
32680,"Monday R-5, BA",-12.2184038,-46.1692552
32642,"Morpara, BA",-11.5628341,-43.2768414
32489,"Piata, BA",-13.1535638,-41.7743761
31962,"Roda Velha, BA",-12.7568656,-45.9486489
32497,"Salvador, BA",-12.9822499,-38.4812772
32643,"Santa Maria da Vitoria, BA",-13.3901477,-44.2013167
32679,"Santo Antonio, BA",-12.9654964,-38.5036352
31025,"Sassafras, BA",-10.4031273,-45.6746574
32545,"Serrinha, BA",-11.66199,-39.0034021
31024,"Sitio do Rio Branco, BA",-9.9630577,-67.4969408
32488,"Souto Soares, BA",-12.0878456,-41.6495346
32498,"Teixeira de Freitas, BA",-17.5384774,-39.7451701
32678,"Ubaitaba, BA",-14.3117771,-39.3226605
32493,"Vitoria da Conquista, BA",-14.8567487,-40.8414804
31816,"Acarau, CE",-2.8869514,-40.1194713
31817,"Acopiara, CE",-6.0936464,-39.4543204
32674,"Acude Gaviao, CE",-3.9057891,-38.556709
31855,"Aiuaba, CE",-6.5710836,-40.1212278
32331,"Amontada, CE",-3.3634586,-39.8284791
31818,"Aracati, CE",-4.558259,-37.767894
31819,"Aracoiaba, CE",-4.3702577,-38.8084313
31820,"Araripe, CE",-7.212861,-40.1359222
32330,"Aratuba, CE",-4.4195958,-39.0463737
31821,"Assare, CE",-6.8746791,-39.8741385
31822,"Banabuiu, CE",-5.304151,-38.9197719
31823,"Barroquinha, CE",-3.0200371,-41.1339229
32323,"Beberibe, CE",-4.1810469,-38.1298101
31856,"Boa Viagem, CE",-5.1261877,-39.7300055
31824,"Camocim, CE",-2.9009918,-40.8427389
32329,"Caninde, CE",-4.3547946,-39.3108516
31825,"Carire, CE",-3.948584,-40.476028
31826,"Catarina, CE",-6.1340485,-39.8791754
32322,"Caucaia, CE",-3.7300563,-38.6593082
31827,"Cedro, CE",-6.6065382,-39.0599487
31828,"Coreau, CE",-3.5519794,-40.6528409
31829,"Crato, CE",-7.2369112,-39.4149236
32552,"Erere EB-1, CE",-6.0311304,-38.3482173
32333,"Eusebio, CE",-3.8889838,-38.4546585
32321,"Fortaleza, CE",-3.7304512,-38.5217989
31830,"Granja, CE",-3.1212057,-40.8284124
31831,"Groairas, CE",-3.9157768,-40.3855093
32551,"Horizonte EB-2, CE",-4.0964618,-38.4965574
31832,"Ibaretama, CE",-4.8194345,-38.8208476
31833,"Icapui, CE",-4.7158474,-37.3535365
31834,"Ico, CE",-6.4003992,-38.8575946
31835,"Iguatu, CE",-6.361934,-39.2972233
31858,"Independencia, CE",-5.3958538,-40.3108896
31836,"Ipu, CE",-4.3239824,-40.7097463
31837,"Iraucuba, CE",-3.7466828,-39.7840904
32470,"Itaicaba, CE",-4.68054,-37.8239968
31838,"Itapipoca, CE",-3.4960586,-39.5819197
31860,"Itatira, CE",-4.5305504,-39.6210481
32631,"Jaguaribe, CE",-5.8854585,-38.6212957
31839,"Jaguaruana, CE",-4.831508,-37.780997
31840,"Jati, CE",-7.6894344,-39.006074
31861,"Jucas, CE",-6.5224934,-39.5247183
31842,"Lavras da Mangabeira, CE",-6.7519554,-38.9634019
32326,"Maranguape, CE",-3.8922967,-38.6835427
31863,"Mauriti, CE",-7.3870095,-38.7737751
31843,"Meruoca, CE",-3.5390209,-40.4546107
31844,"Missao Velha, CE",-7.248491,-39.1434843
31845,"Mombaca, CE",-5.7450899,-39.6293519
31846,"Morada Nova, CE",-5.1076699,-38.3727852
32328,"Morada Nova 1, CE",-5.1076699,-38.3727852
31870,"Oros, CE",-6.2427541,-38.9141151
32324,"Pacajus, CE",-4.171073,-38.464988
31864,"Pedra Branca, CE",-5.455674,-39.7166286
31871,"Pentecoste, CE",-3.7950248,-39.2670733
31865,"Pereiro, CE",-6.046269,-38.4604192
31859,"Poranga, CE",-4.7446727,-40.9249168
31847,"Quixada, CE",-4.9706021,-39.0158403
31848,"Quixeramobim, CE",-5.1983553,-39.2955573
31849,"Quixere, CE",-5.0742841,-37.9892825
31862,"Russas, CE",-4.9354279,-37.9783838
31851,"Santana do Cariri, CE",-7.1861693,-39.7374262
31850,"Santa Quiteria, CE",-4.3336553,-40.1544913
31852,"Sao Benedito, CE",-4.0484353,-40.8646009
32325,"Sao Goncalo do Amarante, CE",-3.6099755,-38.9687182
31866,"Senador Pompeu, CE",-5.5874386,-39.3730901
32327,"Sobral, CE",-3.6879135,-40.3456372
31867,"Solonopole, CE",-5.7329092,-39.0098669
31853,"Tabuleiro do Norte, CE",-5.2440865,-38.1284605
31868,"Tamboril, CE",-4.8330075,-40.3210323
31872,"Tejucuoca, CE",-3.9884273,-39.5797395
31869,"Varzea Alegre, CE",-6.7936089,-39.2989333
32332,"Vicosa do Ceara, CE",-3.5667684,-41.091504
32665,"Colatina, ES",-19.5346732,-40.6287836
31001,"Ilha de Trindade 1, ES",-20.1880663,-40.2627103
31908,"Ilha de Trindade 2, ES",-20.1880663,-40.2627103
31958,"Jeronimo Monteiro, ES",-20.7881687,-41.3920954
31957,"Sooretama, ES",-19.1918129,-40.1037067
31959,"Venda Nova Imigrante, ES",-20.3325787,-41.1295842
31703,"Abadiania, GO",-16.1940946,-48.7067767
31705,"Abadiania, GO",-16.1940946,-48.7067767
31702,"Alexania, GO",-16.0834049,-48.5077803
31003,"Alto Paraiso de Goias, GO",-14.1304779,-47.5100161
32017,"Alvorada do Norte, GO",-14.483911,-46.4959897
32360,"Anapolis, GO",-16.3332828,-48.9525756
31873,"Anicuns, GO",-16.4606451,-49.9572265
32622,"Aruana, GO",-14.9162439,-51.0715692
32336,"Barragem Cachoeira Dourada, GO",-18.5022993,-49.4912546
32358,"Britania, GO",-15.2427599,-51.1602061
32357,"Caldas Novas, GO",-17.745,-48.625
32380,"Canastra I, GO",-15.565725,-49.9365076
32355,"Catalao, GO",-18.1702546,-47.9447082
32350,"Ceres, GO",-15.3103568,-49.6032054
32359,"Chapadao do Ceu, GO",-18.3951972,-52.6670783
32481,"Cristalina, GO",-16.7680599,-47.6133427
32399,"Estrada GO-56, GO",-16.5724629,-49.484004
31707,"Fazenda Cachoeira, GO",-15.8739402,-48.5662758
31708,"Fazenda Palmital, GO",-16.2260895,-49.2633301
32353,"Flores de Goias, GO",-14.4580291,-47.0395396
32485,"Goiania, GO",-16.680882,-49.2532691
32483,"Goiatuba, GO",-18.0154577,-49.3640591
32352,"Ipora, GO",-16.4407981,-51.1181188
32351,"Itaberai, GO",-16.0205509,-49.8060341
32349,"Itumbiara, GO",-18.4135862,-49.2172596
32354,"JANDAIA, GO",-17.0479665,-50.1475485
32484,"Jatai, GO",-17.8856178,-51.7202967
32340,"Luiz Alves, GO",-13.2147049,-50.5788962
31700,"Luziania, GO",-16.2535456,-47.9500276
31704,"Luziania, GO",-16.2535456,-47.9500276
32345,"MINEIROS, GO",-17.5653879,-52.5536721
32348,"Montes Claros de Goias, GO",-16.0059459,-51.3978781
32347,"Palmeiras de Goias, GO",-16.8102393,-49.9234165
32733,"Pires do Rio, GO",-17.3005708,-48.2793194
32346,"Porangatu, GO",-13.444663,-49.1423569
32356,"Quirinopolis, GO",-18.4471859,-50.4546981
32344,"Rio Verde, GO",-17.7921255,-50.9191219
32343,"Santa Helena, GO",-18.4084168,-49.2769745
31701,"Santo Antonio do Descoberto, GO",-15.9465415,-48.2616527
32731,"Sao Simao, GO",-18.9939882,-50.5463828
32342,"Vianopolis, GO",-16.7475869,-48.5131735
32341,"Vicentinopolis, GO",-17.7353689,-49.8040525
31972,"Acailandia, MA",-4.9515026,-47.500732
32573,"Alcantara, MA",-2.4084996,-44.4174143
32252,"Alto Turi, MA",-2.896479,-45.634779
32256,"Bacabal, MA",-4.2318132,-44.781167
32634,"Barao de Grajau, MA",-6.7542591,-43.0263477
32255,"Barra do Corda, MA",-5.496823,-45.248496
30879,"Barra do Corda, MA",-5.496823,-45.248496
30944,"Barreirinhas, MA",-2.7541271,-42.8259693
32624,"Carolina, MA",-7.3313437,-47.4738762
32305,"Carolina, MA",-7.3313437,-47.4738762
31964,"Caxias, MA",-4.8654201,-43.353664
30880,"Chapadinha, MA",-3.7416803,-43.3548006
32260,"Codo, MA",-4.455623,-43.892354
32002,"Coroata, MA",-4.1282283,-44.1360269
30940,"Estreito, MA",-6.5583016,-47.4432212
32257,"Grajau II, MA",-5.8154034,-46.1361454
30943,"Itapecuru Mirim, MA",-3.3973569,-44.3560724
31970,"Loreto, MA",-7.08562,-45.1397421
32259,"Mirador, MA",-6.3703992,-44.3621057
30881,"Pedreiras, MA",-4.5687989,-44.6003029
32005,"Pinheiro, MA",-2.5270459,-45.0866463
32253,"Ponte BR-222, MA",-3.0182613,-43.8549834
31971,"Riachao, MA",-7.3642557,-46.6226095
30883,"Riacho Feio, MA",-5.9949707,-38.7088751
31054,"Santa Ines, MA",-3.6647821,-45.3826869
32001,"Santa Ines, MA",-3.6647821,-45.3826869
30884,"Sao Benedito do Rio Preto, MA",-3.3306675,-43.5264074
30942,"Sao Domingos Azeitao, MA",-6.810868,-44.6445713
32006,"Sao Domingos Maranhao, MA",-5.5799743,-44.3841617
30941,"Sao Joao dos Patos, MA",-6.4934,-43.703623
32003,"Sao Luis, MA",-2.5295265,-44.2963942
31878,"Sitio Novo, MA",-5.881254,-46.7017184
31965,"Sitio Novo, MA",-5.881254,-46.7017184
31875,"Sitio Novo, MA",-5.881254,-46.7017184
31876,"Tuntum, MA",-5.2630885,-44.6448502
32004,"Urbano Santos, MA",-3.2036233,-43.3929106
30882,"Ze Doca, MA",-3.270145,-45.655344
31744,"Andrelandia, MG",-21.739722,-44.308889
32506,"Andrequice, MG",-18.2787106,-44.9840444
32502,"Aracuai, MG",-16.8484451,-42.0661868
32334,"Araxa, MG",-19.6009149,-46.940923
32513,"Belo Horizonte, MG",-19.9227318,-43.9450948
32734,"Capim Branco, MG",-19.548333,-44.133056
32508,"Caratinga, MG",-19.7900887,-42.140533
32615,"Caratinga, MG",-19.7900887,-42.140533
32728,"Careacu, MG",-22.0434124,-45.6995247
32657,"Cataguases, MG",-21.387426,-42.6957219
32669,"Ferros, MG",-19.234984,-43.019542
32668,"Governador Valadares, MG",-18.8698882,-41.9459383
31929,"Honoropolis, MG",-19.5748861,-50.0269568
32507,"Ipatinga, MG",-19.4777807,-42.5270802
32675,"Itira, MG",-16.7522911,-42.0317629
32501,"Jaiba, MG",-15.3373744,-43.6734439
32673,"Jequitinhonha, MG",-16.4335098,-41.0035557
32644,"Juvenilia, MG",-14.2660795,-44.1618528
32511,"Lavras, MG",-21.2425512,-44.9991978
32510,"Leopoldina, MG",-21.5314282,-42.6403534
32396,"Macaia, MG",-21.08725,-44.9078351
32526,"Machado, MG",-21.6762861,-45.9211696
32670,"Mario de Carvalho, MG",-21.770843,-43.3215776
32503,"Montes Claros, MG",-16.7495727,-43.8687268
32519,"Nanuque, MG",-17.8393915,-40.3494631
32645,"Novo Porto 2, MG",-16.5288956,-41.2936547
32505,"Paracatu, MG",-17.2174056,-46.8707514
32736,"Patos de Minas, MG",-18.6041453,-46.5096698
32504,"Pirapora, MG",-17.3493765,-44.9507904
32671,"Ponte Nova, MG",-20.4164353,-42.90878
32658,"Rio Novo, MG",-21.4753189,-43.1250813
31930,"Santa fe de Minas, MG",-16.689174,-45.4139828
32617,"Santa Rita de Minas, MG",-19.8745404,-42.1325122
31746,"Santa Rita do Sapucai, MG",-22.2486968,-45.7064507
32646,"Sao Romao, MG",-16.3687716,-45.0678597
31745,"Tres Coracoes, MG",-21.695625,-45.2543675
32616,"Ubaporanga, MG",-19.6344637,-42.1073048
32509,"Vicosa, MG",-20.7538586,-42.8815888
32667,"Vila Matias, MG",-18.3978494,-41.9507381
30875,"Amambai, MS",-23.1082701,-55.2284854
32685,"Aquidauana, MS",-20.473969,-55.7821375
30876,"Aquidauana, MS",-20.473969,-55.7821375
31950,"Campo Grande, MS",-20.4640173,-54.6162947
30877,"Cassilandia, MS",-19.1128242,-51.7345354
31949,"Corumba, MS",-19.0016365,-57.6534316
31951,"Coxim, MS",-18.504915,-54.7450251
32740,"Coxim, MS",-18.504915,-54.7450251
32688,"Coxim, MS",-18.504915,-54.7450251
32714,"Ivinhema I, MS",-22.302254,-53.8276006
31953,"Jardim, MS",-21.479941,-56.148902
32689,"Ladario, MS",-19.0036585,-57.6028285
31952,"Navirai, MS",-23.0622152,-54.2018319
32719,"Porto Caiua, MS",-23.2596498,-53.7128481
32742,"Porto Esperanca, MS",-20.0320769,-57.3202905
32684,"Porto Esperanca, MS",-20.0320769,-57.3202905
32683,"Porto Murtinho, MS",-21.698078,-57.883586
32743,"Porto Murtinho, MS",-21.698078,-57.883586
32690,"Sao Francisco, MS",-20.4458103,-54.6144674
31932,"Alta Floresta, MT",-9.8698547,-56.0834993
32580,"Aragarcas, MT",-15.6560112,-56.1428217
32623,"Barra do Garcas, MT",-15.8916033,-52.2615413
32699,"Barra dos Bugres, MT",-28.0837183,-49.1646338
32738,"Caceres, MT",-16.0644068,-57.6878972
32698,"Caceres, MT",-16.0644068,-57.6878972
32197,"Cachoeirao, MT",-14.383716,-54.490758
32377,"Concisa, MT",-9.8171598,-60.6897774
32169,"Concisa (9), MT",-9.8171598,-60.6897774
32218,"Consul (14), MT",-12.2392594,-54.2754558
32590,"Cuiaba, MT",-15.5986686,-56.0991301
32741,"Cuiaba, MT",-15.5986686,-56.0991301
32695,"Cuiaba, MT",-15.5986686,-56.0991301
32217,"Fazenda Itaguacu, MT",-13.1401986,-54.4433606
32191,"Fazenda Tombador, MT",-11.7166672,-58.0480576
32188,"Fazenda Tucunare, MT",-13.4722705,-58.8670949
32190,"Fontanilhas, MT",-11.3355378,-58.3414109
32166,"Humboldt, MT",-26.4267153,-49.24747
32219,"Passagem BR-080, MT",-15.5657937,-56.1425536
32694,"Porto Cercado, MT",-16.3990697,-56.4369939
32697,"Porto Conceicao, MT",-17.1428021,-57.3590733
32595,"Porto dos Gauchos, MT",-11.532999,-57.413233
32193,"Porto dos Gauchos, MT",-11.532999,-57.413233
32195,"Porto Roncador, MT",-13.585333,-55.280218
32739,"Rondonopolis, MT",-16.4603533,-54.6397099
32696,"Rosario Oeste, MT",-14.825938,-56.42357
32201,"Santa Rosa, MT",-16.0480941,-57.6779341
32620,"Sao Felix do Araguaia, MT",-11.6170646,-50.6667246
32692,"Sao Jeronimo, MT",-15.4466339,-55.8656395
31931,"Tangara da Serra, MT",-14.6213903,-57.4907268
32196,"Teles Pires, MT",-9.8329511,-55.7024525
32189,"Utiariti, MT",-13.0262164,-58.2816351
32240,"Xavantina, MT",-14.313889,-53.675873
32202,"Acari BR-230, PA",-1.5951983,-47.5514533
32228,"Aldeia Bacaja, PA",-4.9153741,-51.4296768
32224,"Aldeia Bau, PA",-7.3458643,-54.8203579
32180,"Aldeia Wai-Wai, PA",-0.69791,-57.973055
32227,"Altamira, PA",-3.204065,-52.209961
32251,"Alto Bonito (1), PA",-5.6006278,-49.3407942
32214,"Apalai, PA",-1.3880404,-48.4166838
32210,"Arapari, PA",-1.5599416,-48.5064668
32249,"Badajos, PA",-1.467779,-56.3773482
32262,"Barcarena, PA",-1.5107945,-48.6190679
32198,"Base Cachimbo, PA",-9.3361913,-54.9644471
32602,"B Horizonte, PA",-6.386591,-48.5686893
32208,"Boa Esperanca, PA",-0.0191583,-49.9322694
32221,"Boa Sorte, PA",-7.7765943,-49.9044598
32607,"Cachoeira Porteira, PA",-1.079555,-57.044494
32225,"Cajueiro, PA",-2.3239182,-46.872021
32575,"Canaa dos Carajas, PA",-6.5296837,-49.8516592
32576,"Capanema, PA",-1.1933054,-47.1828679
32603,"Conceicao do Araguaia, PA",-8.2696905,-49.2676864
32306,"Conceicao do Araguaia, PA",-8.2696905,-49.2676864
31966,"Curuai, PA",-2.2726828,-55.4118999
32637,"Fazenda Maringa, PA",-7.2609034,-35.6989575
32220,"Fazenda Rio Dourado, PA",-8.3441668,-51.4513893
32601,"Fortaleza, PA",-1.622635,-55.947816
32206,"Itaituba, PA",-4.2625218,-55.9878139
32594,"Jacareacanga, PA",-6.2196518,-57.758625
32209,"Lajeiro, PA",-6.887082,-36.8755997
32618,"Maraba, PA",-5.3462821,-49.1007401
32304,"Maraba, PA",-5.3462821,-49.1007401
32182,"Marapi, PA",0.9477894,-56.1926426
32186,"Nova Esperanca, PA",-8.4474881,-50.3616345
31948,"Novo Progresso, PA",-7.0374884,-55.4185904
32762,"Obidos, PA",-1.901072,-55.520812
32185,"Obidos, PA",-1.901072,-55.520812
32184,"Oriximina, PA",-1.7669992,-55.868285
32226,"Pedra do o, PA",0.7771833,-51.9523218
32737,"Perimetral Norte, PA",-3.7116223,-53.7338328
32229,"Porto de Moz, PA",-1.7502089,-52.235556
32587,"Porto Trombetas, PA",-1.466592,-56.378979
32261,"Redencao, PA",-8.0299327,-50.0309543
32205,"Rio Arinos, PA",-8.6218994,-55.0541348
32207,"Santarem, PA",-2.438489,-54.699611
32592,"S Felix do Xingu, PA",-6.6386974,-51.9787582
31947,"Tailandia, PA",-2.936096,-48.9523366
32248,"Tauiri, PA",-5.001277,-49.3368328
32181,"Tirios, PA",2.2244312,-55.9452995
32244,"Tucurui, PA",-3.766334,-49.6663654
31967,"Tucurui, PA",-3.766334,-49.6663654
32479,"Ulianopolis, PA",-3.7575266,-47.5009377
32183,"Vista Alegre, PA",-7.035334,-55.419158
32550,"Acude Boqueirao - Paraiba, PB",-7.174803,-35.4108225
31941,"Capim, PB",-6.9174091,-35.1720326
31938,"Catole do Rocha, PB",-6.340625,-37.746967
31939,"Itaporanga, PB",-7.3040747,-38.1505782
31940,"Picui, PB",-6.5106721,-36.3492736
31754,"Afogados da Ingazeira, PE",-7.7481283,-37.6346614
32023,"Afranio, PE",-8.5198919,-41.0070197
32565,"Araripina, PE",-7.5768582,-40.5038509
32566,"Arcoverde, PE",-8.4208643,-37.0547808
32024,"Barreiros, PE",-8.8159644,-35.1831905
31935,"Belem de Sao Francisco, PE",-8.7695904,-38.9496002
31756,"Bom Conselho, PE",-9.169191,-36.685683
32276,"Botafogo, PE",-7.7477533,-34.9360956
32025,"Brejao, PE",-9.029146,-36.566034
32279,"Brotas, PE",-7.7392075,-37.609154
32473,"Capibaribe Mirim, PE",-7.5352166,-34.9986499
31936,"Carpina, PE",-7.8459105,-35.2538861
32567,"Caruaru, PE",-8.2829702,-35.9722852
31757,"Cedro, PE",-7.7186318,-39.2363385
32474,"Chapeu, PE",-8.3749015,-39.0662672
32273,"Entremontes, PE",-8.1850273,-39.9328412
31761,"Exu, PE",-7.515434,-39.722015
32564,"Fernando de Noronha, PE",-3.8537498,-32.4198018
31753,"Fernando de Noronha 2, PE",-3.8434894,-32.4071624
31764,"Fernando de Noronha 3, PE",-3.8486256,-32.4123297
32026,"Floresta, PE",-8.5969798,-38.5742878
32290,"Goiana, PE",-7.560603,-34.99591
32289,"Ibimirim, PE",-8.5379259,-37.6941375
32274,"Inhumas, PE",-9.004171,-36.3328758
32287,"Ipojuca, PE",-8.3980773,-35.0611068
31758,"Itaiba, PE",-8.94675,-37.421188
31752,"Itambe, PE",-7.4108509,-35.10967
31763,"Jatauba, PE",-7.9860545,-36.4980118
32277,"Jucazinho, PE",-7.986308,-35.7759082
31132,"Olinda, PE",-7.9986401,-34.8459552
31874,"Olinda, PE",-7.9986401,-34.8459552
32028,"Ouricuri, PE",-7.884432,-40.0833221
32029,"Palmares, PE",-8.684226,-35.589032
32284,"Pao de Acucar, PE",-7.9596804,-36.1267419
32027,"Petrolandia, PE",-8.9701861,-38.2213655
32475,"Petrolina, PE",-9.3817334,-40.4968875
32272,"Poco da Cruz, PE",-8.5085339,-37.7107442
32282,"Prata, PE",-9.0792065,-36.769103
69008,"Recife, PE",-8.0584933,-34.8848193
32568,"Recife, PE",-8.0584933,-34.8848193
32280,"Rosario, PE",-8.3316785,-35.0123977
32271,"Saco II, PE",-8.5493533,-40.1680208
32030,"Salgueiro, PE",-8.0726731,-39.1269719
31759,"Santa Cruz da Baixa Verde, PE",-7.8185452,-38.1523506
31760,"Santa Filomena, PE",-8.1605806,-40.613247
32031,"Santa Maria Boa Vista, PE",-8.8001615,-39.8271099
32286,"Sao Bento do Una, PE",-8.5196562,-36.4454372
31751,"Sao Jose do Belmonte, PE",-7.8641261,-38.7599545
32033,"Sao Jose do Egito, PE",-7.469447,-37.273974
32283,"Serrinha, PE",-8.3519863,-36.7112302
31937,"Sertania, PE",-8.068467,-37.268393
31750,"Tacaratu, PE",-9.1051762,-38.1499125
32275,"Tapacura, PE",-8.1381679,-35.3984001
31762,"Taquaritinga do Norte, PE",-7.9027766,-36.0442227
32281,"Varzea do Una, PE",-8.8385795,-35.1427014
32032,"Vertentes, PE",-7.906103,-35.9894975
32288,"Vitoria de Santo Antao, PE",-8.1209019,-35.2944858
31945,"Corrente, PI",-10.4401356,-45.1627472
31946,"Monsenhor Hipolito, PI",-6.9337843,-41.0332123
32478,"Santa Filomena, PI",-8.9727663,-45.7380168
32703,"Aguas do Vere, PR",-25.7592265,-52.9514441
32707,"Fluviopolis, PR",-26.020911,-50.6004979
32705,"Foz do Cachoeira, PR",-26.0998707,-51.2467938
32709,"Fragosos, PR",-27.2058191,-52.0688699
32764,"Guaira, PR",-24.0851924,-54.2567519
32701,"Hotel Cataratas, PR",-25.5614691,-54.56187
32700,"Iate Clube, PR",-25.0224703,-50.0549235
31928,"Nova Cantu, PR",-24.6739252,-52.5731265
32710,"Porto Amazonas, PR",-25.5494226,-49.8973805
32702,"Porto Capanema, PR",-25.5902081,-53.9784751
32715,"Porto Sao Jose, PR",-22.7198049,-53.1754265
32704,"Porto Vitoria, PR",-26.1605673,-51.2239397
31926,"Ribeirao do Pinhal, PR",-23.4063092,-50.3581945
32708,"Rio Negro, PR",-26.1047668,-49.7982766
32614,"Santa Clara, PR",-24.1004567,-54.2848001
31927,"Santa Terezinha do Itaipu, PR",-25.4430847,-54.3997473
32716,"Tibagi, PR",-24.5151667,-50.4101487
31925,"Tijucas do Sul, PR",-25.9273376,-49.179265
32713,"Uba do Sul, PR",-25.4134712,-48.4221539
32706,"Uniao da Vitoria, PR",-26.228596,-51.0869796
69151,"Baia Guanabara, RJ",-22.8169023,-43.1272201
32661,"Barra do Pirai, RJ",-22.4242692,-43.8935244
32662,"Barra Mansa, RJ",-22.5617455,-44.1663435
69009,"Guanabara, RJ",-22.8169023,-43.1272201
32660,"Manoel Duarte, RJ",-22.917596,-43.0842473
31955,"Mendes, RJ",-22.5269113,-43.7332604
32515,"Nossa Senhora Amparo, RJ",-22.3847,-44.1125
32514,"Pedra Selada, RJ",-22.3386,-44.3964
31956,"Santa Maria Madalena, RJ",-21.9518563,-41.9000248
32656,"Santo Antonio de Padua, RJ",-21.539,-42.1816
32655,"Sao Fidelis, RJ",-21.6467054,-41.7463412
31954,"Teresopolis, RJ",-22.4164578,-42.975194
70105,"Assu, RN",-5.5836157,-36.9139541
31088,"Bonito, RN",-6.208176,-38.422639
31073,"Boqueirao de Parelhas, RN",-6.7159588,-36.6245507
70103,"Caico, RN",-6.4594544,-37.0971911
31077,"Campo Grande, RN",-5.862063,-37.3134908
32571,"Cruzeta, RN",-6.4113343,-36.7872964
31071,"Cruzeta, RN",-6.4113343,-36.7872964
31075,"Dourado, RN",-6.2516855,-36.5143705
31089,"Encanto, RN",-6.1107477,-38.3050953
31081,"Esguicho, RN",-6.7579334,-36.9546186
31074,"Gargalheiras, RN",-6.42268,-36.610474
32570,"Ipanguacu, RN",-5.5090713,-36.8594421
32632,"Jardim de Piranhas, RN",-6.3796347,-37.3495566
31091,"Jesus Maria Jose, RN",-6.4780543,-38.1710033
31942,"Joao Camara, RN",-5.5349637,-35.8150811
31078,"Lagoa de Extremoz, RN",-5.7172372,-35.2849525
31079,"Lagoa do Bonfim, RN",-6.0372527,-35.2154627
31080,"Lagoa do Boqueirao, RN",-5.2503517,-35.5457552
31086,"Lagoa Jiqui, RN",-5.9206369,-35.1878497
31085,"Lagoa Pium, RN",-5.9827706,-35.2038405
31095,"Lucrecia, RN",-6.1172522,-37.8134573
31090,"Marcelino Vieira, RN",-6.2938597,-38.1622228
31879,"Martins, RN",-6.0892841,-37.9114676
31100,"Mendubim, RN",-5.6296446,-36.915652
32572,"Natal, RN",-5.805398,-35.2080905
70101,"Natal, RN",-5.805398,-35.2080905
31880,"Parelhas, RN",-6.691369,-36.6584475
70102,"Parnamirim, RN",-5.9153334,-35.2679913
31093,"Passagem, RN",-6.2780162,-35.3768806
32569,"Pau dos Ferros, RN",-6.1124964,-38.2062628
70106,"Pedro Avelino, RN",-5.5218651,-36.3850166
31092,"Piloes, RN",-6.2685621,-38.0440115
31076,"Poco Branco, RN",-5.6224378,-35.6615774
31094,"Riacho da Cruz, RN",-5.9373463,-37.9488019
31097,"Rodeador, RN",-2.8759469,-41.9157744
70104,"Santa Cruz, RN",-6.224752,-36.019297
70100,"Santana do Matos, RN",-5.9468972,-36.6502541
70107,"Sao Miguel, RN",-6.2121764,-38.4977377
31083,"Tabatinga, RN",-6.0590292,-35.1037216
31096,"Tourao, RN",-5.7404835,-35.2339268
31098,"Umari, RN",-5.9151507,-35.6281042
31072,"Zangarelhas, RN",-6.5981403,-36.7432855
32610,"Abuna, RO",-9.6270097,-65.2603977
32318,"Ariquemes, RO",-9.9076522,-63.033069
31992,"Ariquemes, RO",-9.9076522,-63.033069
32154,"Ariquemes (10), RO",-9.9076522,-63.033069
31993,"Cacoal, RO",-11.4333,-61.4420502
31913,"Campo Novo, RO",-21.7672905,-41.189837
32635,"Canutama, RO",-22.8759043,-43.3561517
31994,"Costa Marques, RO",-12.4367165,-64.2279765
32317,"Fazenda Rio Branco, RO",-22.2884495,-43.670698
32156,"Floriano Peixoto, RO",-8.7642532,-63.9048945
31995,"Guajara Mirim, RO",-10.7804239,-65.3327825
32149,"Guajara-Mirim, RO",-10.7804239,-65.3327825
32152,"Jacy-Parana, RO",-8.7648814,-63.8790142
32161,"Jaru, RO",-10.431826,-62.478769
32609,"Ji-Parana, RO",-10.8778148,-61.9277854
32596,"Ji-Parana, RO",-10.8778148,-61.9277854
31996,"Ji-Parana, RO",-10.8778148,-61.9277854
31997,"Machadinho, RO",-9.4240851,-61.9923719
32391,"Pedras Negras, RO",-12.8501835,-62.9022569
32145,"Pimenteiras, RO",-13.482271,-61.047052
32316,"Ponte Massangana, RO",-10.0044167,-63.4323092
32153,"Porto Velho, RO",-8.7494525,-63.8735438
31998,"Porto Velho, RO",-8.7494525,-63.8735438
32147,"Principe da Beira, RO",-12.0704497,-64.1866661
32315,"Samuel Barragem, RO",-9.128,-63.277
31915,"Sao Miguel Guapore, RO",-11.6951466,-62.7195739
32160,"Sitio Bela Vista (3), RO",-22.2819089,-44.3130541
32162,"Tabajara, RO",-8.8899371,-62.0624458
31999,"Vilhena, RO",-12.7368536,-60.1465555
31905,"Boa Vista, RR",2.8208478,-60.6719582
32598,"Bonfim, RR",3.3613818,-59.8427241
32132,"Bonfim, RR",3.3613818,-59.8427241
32371,"Caracarai, RR",1.827598,-61.125389
32137,"Caracarai, RR",1.827598,-61.125389
32141,"Fazenda Sao Jose, RR",1.7572854,-61.1644307
32138,"Missao Catrimani, RR",1.7401892,-62.2871886
32599,"Missao Surucucu, RR",2.823274,-63.660183
32612,"Mocidade, RR",3.4640983,-60.91046
32136,"Mucajai, RR",2.4486084,-60.9199986
32588,"Santa Maria Boiacu, RR",-0.50861,-61.784111
32130,"Uaicas, RR",3.5513608,-63.1695414
32133,"Vila Surumu, RR",4.1934274,-60.7896597
32755,"Alegrete, RS",-29.790166,-55.794862
32611,"Barra do Quarai, RS",-30.208947,-57.5505128
31916,"Caxias do Sul, RS",-29.1685045,-51.1796385
32744,"Dona Francisca, RS",-29.623063,-53.3560585
32393,"Encantado, RS",-29.2392716,-51.8744817
31917,"Encruzilhada Sul, RS",-30.5433066,-52.5223514
32761,"Irai, RS",-27.1955392,-53.256791
31918,"Julio Castilhos, RS",-29.2286575,-53.6825217
32756,"Manoel Viana, RS",-29.585935,-55.484112
32763,"Marcelino Ramos, RS",-27.4622708,-51.9081009
32754,"Passo Mariano Pinto, RS",-29.3204546,-56.0655928
32759,"Passo Santa Maria, RS",-30.884635,-52.5116166
32605,"Passo S Borja, RS",-28.6275079,-56.0302794
32765,"Passo Socorro, RS",-28.2445154,-50.7722704
32379,"PCH Cotipora, RS",-28.9407972,-51.7732671
32604,"PCH Linha Emilia, RS",-28.9407972,-51.7732671
32394,"Ponte Jaguarao, RS",-32.5696654,-53.3786761
32600,"Porto Lucena, RS",-27.8532622,-55.0198385
32606,"Quarai, RS",-30.3818093,-56.4526576
32757,"Rosario do Sul, RS",-30.2527151,-54.9179382
31919,"Sao Borja, RS",-28.6592237,-56.0044295
31920,"Sao Gabriel, RS",-30.334214,-54.3227149
32466,"Sao Martinho da Serra, RS",-29.5380766,-53.8544925
32753,"Uruguaiana, RS",-29.7560726,-57.0867546
32687,"Apiuna, SC",-27.0374658,-49.3885037
32381,"Barragem Oeste-Taio, SC",-27.0991898,-50.0452661
32758,"Blumenau, SC",-26.9195567,-49.0658025
32746,"Braco do Norte, SC",-28.2728633,-49.1622712
32653,"Brusque, SC",-27.0964628,-48.9136323
31923,"Campo Ere, SC",-26.3947432,-53.0790495
31924,"Farol Santa Marta, SC",-28.6042142,-48.8139584
31921,"Itapiranga, SC",-27.1724236,-53.7118989
32729,"Ituporanga, SC",-27.4096219,-49.6014812
32378,"Rio Bonito, SC",-26.1675106,-48.9061782
32748,"Rio do Sul Novo, SC",-27.8954281,-49.4132001
32654,"Salseiro, SC",-27.353278,-49.330414
32732,"Sao Martinho, SC",-28.165018,-48.9793424
31922,"Serra do Quiriri, SC",-26.0734869,-49.0299882
32641,"Taio, SC",-27.1167574,-50.0002159
32649,"Timbo, SC",-26.8282737,-49.270641
32745,"Tubarao, SC",-28.471488,-49.014132
32270,"UHE - Campos Novos, SC",-27.6030599,-51.3326611
31782,"Aquidaba, SE",-10.2837579,-37.0188687
31783,"Aracaju, SE",-10.9162061,-37.0774655
31784,"Boquim, SE",-11.1450175,-37.6204228
31786,"Capela, SE",-10.50494,-37.0552566
31801,"Estancia, SE",-11.2682255,-37.4378341
31787,"Frei Paulo, SE",-10.5495658,-37.5351541
31788,"Indiaroba, SE",-11.5213547,-37.5107019
31802,"Itabaiana, SE",-10.6856197,-37.4270517
31803,"Japaratuba, SE",-10.5934888,-36.941514
31789,"Lagarto, SE",-10.9141791,-37.6715308
31790,"Laranjeiras, SE",-10.8040231,-37.1658336
31791,"Monte Alegre, SE",-22.9271519,-43.4619127
31792,"Neopolis, SE",-10.3169663,-36.5769132
31910,"Nossa Senhora da Gloria, SE",-10.2188811,-37.4199759
31797,"Nossa Senhora das Dores, SE",-10.4916994,-37.1936571
31796,"Nossa Senhora de Aparecida, SE",-24.0914431,-46.6168417
31912,"Poco Redondo, SE",-9.8055833,-37.6850557
31793,"Porto da Folha, SE",-9.9152929,-37.2792841
32638,"Propria, SE",-10.212427,-36.8372254
31911,"Riachao do Dantas, SE",-11.0704439,-37.726446
31794,"Santo Amaro, SE",-23.6556547,-46.7209734
31795,"Sao Cristovao, SE",-11.0136465,-37.2071134
31804,"Simao Dias, SE",-10.7383767,-37.8090877
31798,"Tobias Barreto, SE",-11.1878721,-38.0030397
31799,"Umbauba, SE",-11.3826792,-37.6565562
32724,"Agua Vermelha, SP",-21.8985118,-47.8503572
30894,"Anchieta, SP",-23.6769359,-46.5607437
32517,"Bananal, SP",-22.6820178,-44.3221805
32363,"Barra do Batatal, SP",-24.5858416,-48.2705355
32362,"Barra do Turvo, SP",-24.756421,-48.5056942
31988,"Barragem Capivari, SP",-23.8785315,-46.5595141
32464,"Barretos, SP",-20.5531437,-48.5697509
32541,"Cacapava, SP",-23.099204,-45.707645
32766,"Cachoeira Paulista Antiga, SP",-22.6618777,-45.0077339
32718,"Campina do M. Alegre, SP",-23.5970702,-48.4883782
32527,"Campos do Jordao, SP",-22.738299,-45.5903769
32636,"Capivara, SP",-22.8480871,-50.9579753
32521,"Caraguatatuba, SP",-23.62028,-45.41306
31987,"Cipo P-26, SP",-23.8570322,-46.792864
32525,"Cruzeiro, SP",-22.5783685,-44.9642044
32520,"Cunha, SP",-23.07753,-44.9567436
30885,"Cunha, SP",-23.07753,-44.9567436
32749,"Eldorado, SP",-24.522583,-48.1093489
32726,"Fazenda Corredeira, SP",-21.9718773,-48.4144521
30977,"Flona Lorena, SP",-22.714852,-45.095061
32518,"Formoso, SP",-22.6422883,-44.5128098
31979,"Garca, SP",-22.2125766,-49.6547994
32524,"Guaratingueta, SP",-22.8057839,-45.1908926
32538,"Guaratingueta, SP",-22.8057839,-45.1908926
31982,"Iguape, SP",-24.7042692,-47.5563733
32751,"Iporanga, SP",-24.5843214,-48.594028
30889,"Itanhaem, SP",-24.1833421,-46.7896229
31977,"Itu, SP",-23.2637798,-47.2998462
31974,"Jaboticabal, SP",-21.252037,-48.325223
32535,"Jacarei, SP",-23.3050682,-45.9723075
31978,"Jau, SP",-22.293585,-48.559193
30891,"Juquei, SP",-23.7692492,-45.7279899
32750,"Juquia, SP",-24.3172209,-47.6355618
32723,"Laranjal Paulista, SP",-23.0514764,-47.8370125
31975,"Miguelopolis, SP",-20.179612,-48.030997
32366,"Miracatu, SP",-24.2839078,-47.4535128
32523,"Monteiro Lobato, SP",-22.9553542,-45.8387146
32522,"Paraibuna, SP",-23.3864203,-45.6626797
30888,"Paraibuna, SP",-23.3864203,-45.6626797
32537,"Pindamonhangaba, SP",-22.9364,-45.4622602
32663,"Pindamonhangaba, SP",-22.9364,-45.4622602
31006,"Piquete, SP",-22.6138451,-45.1777096
32722,"Piracicaba, SP",-22.725165,-47.6493269
32725,"Porto Ferreira, SP",-21.8529134,-47.4794943
32717,"Porto Jau, SP",-22.2902898,-48.5658691
31980,"Presidente Prudente, SP",-22.1225167,-51.3882528
32540,"Queluz, SP",-22.5371881,-44.7752585
32532,"Queluz, SP",-22.5371881,-44.7752585
32367,"Registro, SP",-24.497942,-47.844895
32361,"Ribeira, SP",-24.6577435,-49.0086372
31989,"Rio Itaim G-12, SP",-23.8266031,-46.5759783
32534,"Santa Branca, SP",-23.3974353,-45.8842294
32664,"Santa Branca, SP",-23.3974353,-45.8842294
32516,"Santana Bonsucesso, SP",-22.6726623,-44.1995009
69150,"Santos, SP",-23.9335988,-46.3286399
31973,"Sao Carlos, SP",-21.8788022,-47.8567619
32530,"Sao Jose do Barreiro, SP",-22.6452376,-44.5805246
32536,"Sao Jose dos Campos, SP",-23.1867782,-45.8854538
30893,"Sao Jose dos Campos, SP",-23.1867782,-45.8854538
32365,"Sete Barras, SP",-24.3878438,-47.9265798
32533,"Silveiras, SP",-22.66384,-44.852157
31981,"Taquarivai, SP",-23.9257829,-48.7005328
32531,"Taubate, SP",-23.031448,-45.5612792
31976,"Votuporanga, SP",-20.4252908,-49.972028
32241,"Barreira da Cruz, TO",-10.564775,-49.932801
32239,"Descarreto, TO",-5.788779,-47.477167
32627,"Fazenda Angical, TO",-20.6975127,-56.0603464
31781,"Fazenda Barra Nova, TO",-18.163349,-41.0425423
31812,"Fazenda Manga, TO",-16.4968138,-41.2986601
31814,"Fazenda Mariana, TO",-19.6219143,-43.4233996
32238,"Goiatins, TO",-7.7132054,-47.3154841
32236,"Jatoba, TO",-5.444803,-47.6468056
31904,"Palmas, TO",-10.1837852,-48.3336423
32626,"Parana, TO",-12.616747,-47.873378
32582,"Pedro Afonso, TO",-8.9757351,-48.1733282
31807,"Ponto Pindorama, TO",-27.4624809,-53.9246377
32235,"Porto Jeronimo, TO",-29.1732822,-51.1497356
32625,"Porto Nacional, TO",-10.7019786,-48.4110952
32308,"Porto Nacional, TO",-10.7019786,-48.4110952
30868,"Porto Real, TO",-9.306831,-47.9292728
32237,"Porto Real, TO",-9.306831,-47.9292728
30872,"Rio Crixas, TO",-20.143019,-44.9158593
30871,"Rio Formoso, TO",-11.8095545,-49.7800613
30874,"Rio Manoel Alves, TO",-11.8975242,-47.342635
30867,"Rio Novo, TO",-10.5526754,-46.7627002
30870,"Rio Santo Antonio, TO",-30.2923656,-54.9704109
30869,"Rio Urubu, TO",-10.9335836,-50.1809336
32307,"Tocantinopolis, TO",-6.3280931,-47.4217673
32619,"Xambioa, TO",-6.4084693,-48.5336069
32122,"Taraqua, AM",0.129035,-68.546954
32373,"Taraqua, AM",0.129035,-68.546954
32385,"Tefe, AM",-3.3485276,-64.7102278
32096,"Uaracu, AM",0.5201343,-69.1213234
32013,"Uatuma, AM",-2.5719341,-57.8703616
32088,"Vila Bitencourt, AM",-21.5748507,-45.4128166
32382,"Vila Bittencourt, AM",-1.3942674,-69.4263644
32579,"Amapa, AP",2.0501747,-50.7922093
32312,"Leonidas, AP",-25.481645,-53.611238
31944,"Macapa, AP",0.0401529,-51.0569588
32234,"Macapa, AP",0.0401529,-51.0569588
31943,"Pacui, AP",0.7756527,-50.5958929
